run_id,scenario_id,planner_id,success,final_status,failure_reason,elapsed_s,completion_time_s,path_length_m,executed_path_length_m,straight_line_m,reference_path_length_m,path_efficiency,collision_count,near_collision_count,recovery_count,recovery_success,reflex_events,reflex_time_s,stopped_time_s,min_clearance_m,mean_clearance_m,final_goal_error_m,mean_speed_mps,num_goals,goals_reached,planner,timeout
dwb_house_dynamic_run_01_20260606_152513,house_dynamic,dwb,0,navigation_failed_or_timeout,navigation_failed_or_timeout,194.7,194.7,6.785777090940508,6.785777090940508,6.825020146490412,6.825020146490412,1.0,0,0,2,0,1,0.36,377.4,0.496965,0.6055351921878236,2.823878453570727,0.0344764643673388,1,0,,
dwb_house_dynamic_run_02_20260606_152513,house_dynamic,dwb,0,navigation_failed_or_timeout,navigation_failed_or_timeout,175.8,175.8,6.726241106145443,6.726241106145443,6.825020146490412,6.825020146490412,1.0,0,0,2,0,1,0.36,376.3,0.488227,0.611527169544414,2.8060437821575417,0.0353272429789891,1,0,dwb,0.0
dwb_house_dynamic_run_03_20260606_152513,house_dynamic,dwb,0,navigation_failed_or_timeout,navigation_failed_or_timeout,184.6,184.6,6.800057220753985,6.800057220753985,6.825020146490412,6.825020146490412,1.0,0,0,2,0,1,0.36,373.7000000000001,0.482896,0.6109837337487002,2.8369740329111224,0.0356459767393564,1,0,dwb,0.0
mppi_house_dynamic_run_01_thetastar_gui,house_dynamic,mppi,1,succeeded,none,69.1,69.1,11.746010199275526,11.746010199275526,6.825020146490412,6.825020146490412,0.5810500783416115,0,0,0,1,1,0.34,8.0,0.496046,0.8326604803671604,0.0592175261219174,0.1712317689954148,1,1,mppi,0.0
mppi_house_dynamic_run_02_thetastar_gui,house_dynamic,mppi,1,succeeded,none,69.10000000000001,69.10000000000001,11.751176085748362,11.751176085748362,6.825020146490412,6.825020146490412,0.5807946452923709,0,0,0,1,1,0.34,8.1,0.493202,0.8336309475079509,0.0540115715194435,0.1706190111346812,1,1,mppi,0.0
mppi_house_dynamic_run_03_thetastar_gui,house_dynamic,mppi,1,succeeded,none,69.2,69.2,11.749999373692086,11.749999373692086,6.825020146490412,6.825020146490412,0.5808528093857978,0,0,0,1,1,0.34,11.8,0.480588,0.836016867573011,0.0547459026868679,0.1679555971802658,1,1,mppi,0.0
rpp_house_dynamic_run_01_20260606_152513,house_dynamic,rpp,1,succeeded,none,78.1,78.1,11.6935809080774,11.6935809080774,6.825020146490412,6.825020146490412,0.5836552720797438,0,0,0,1,1,0.35,8.5,0.476624,0.7803100653562657,0.1272345626353153,0.1507869395577432,1,1,,
rpp_house_dynamic_run_02_20260606_152513,house_dynamic,rpp,1,succeeded,none,76.8,76.8,11.677112999369838,11.677112999369838,6.825020146490412,6.825020146490412,0.584478384927741,0,0,0,1,1,0.35,5.4,0.485736,0.781911236537495,0.1295759325839485,0.1543779466532497,1,1,rpp,0.0
rpp_house_dynamic_run_03_manual_fix,house_dynamic,rpp,1,succeeded,none,75.9,75.9,11.671419577961895,11.671419577961895,6.825020146490412,6.825020146490412,0.5847634986388024,0,0,0,1,1,0.35,3.1,0.481549,0.7723197180735905,0.1291139824999598,0.1570405270562806,1,1,rpp,0.0
