run_id,scenario_id,planner,planner_id,success,final_status,failure_reason,elapsed_s,completion_time_s,path_length_m,executed_path_length_m,straight_line_m,reference_path_length_m,path_efficiency,collision_count,near_collision_count,recovery_count,timeout,recovery_success,reflex_events,reflex_time_s,stopped_time_s,min_clearance_m,mean_clearance_m,final_goal_error_m,mean_speed_mps,num_goals,goals_reached
dwb_maze_run_01_20260607_095241,maze,dwb,dwb,0,navigation_failed_or_timeout,navigation_failed_or_timeout,211.4,211.4,4.57933716330174,4.57933716330174,11.236102527122116,11.236102527122116,1.0,0,0,3,0,0,0,0.0,453.6,0.462854,0.4863287596388949,9.25265273760774,0.0221542589806281,1,0
dwb_maze_run_02_20260607_095241,maze,dwb,dwb,0,navigation_failed_or_timeout,navigation_failed_or_timeout,202.8,202.8,4.576678798379828,4.576678798379828,11.236102527122116,11.236102527122116,1.0,0,0,3,0,0,0,0.0,458.9,0.462951,0.4863125278404772,9.252162368689495,0.0224173553423626,1,0
dwb_maze_run_03_manual_fix,maze,dwb,dwb,0,navigation_failed_or_timeout,navigation_failed_or_timeout,174.0,174.0,4.563741423491044,4.563741423491044,11.236102527122116,11.236102527122116,1.0,0,0,3,0,0,0,0.0,444.4,0.461698,0.4900843953003577,9.251006696384184,0.0252135359105554,1,0
mppi_maze_run_01_thetastar_gui,maze,mppi,mppi,1,succeeded,none,136.1,136.1,23.03765661594809,23.03765661594809,11.236102527122116,11.236102527122116,0.4877276675503441,0,0,0,0,1,0,0.0,25.0,0.462209,0.6124442732718892,0.0886294925236519,0.168178533870958,1,1
mppi_maze_run_02_thetastar_gui,maze,mppi,mppi,1,succeeded,none,136.0,136.0,23.02671917386836,23.02671917386836,11.236102527122116,11.236102527122116,0.4879593329071947,0,0,0,0,1,0,0.0,19.8,0.464812,0.6126199413097665,0.084092834088286,0.1680140643553044,1,1
mppi_maze_run_03_thetastar_gui,maze,mppi,mppi,1,succeeded,none,136.2,136.2,23.00762566504787,23.00762566504787,11.236102527122116,11.236102527122116,0.4883642793350679,0,0,0,0,1,0,0.0,20.200000000000003,0.462398,0.6183961999038938,0.0826991685387462,0.1698557333012891,1,1
rpp_maze_run_01_20260607_095241,maze,rpp,rpp,1,succeeded,none,151.6,151.6,23.023791806168937,23.023791806168937,11.236102527122116,11.236102527122116,0.4880213746595616,0,0,0,0,1,0,0.0,16.400000000000002,0.446546,0.6006721993025711,0.1316401140230436,0.1520948272532196,1,1
rpp_maze_run_02_20260607_095241,maze,rpp,rpp,1,succeeded,none,151.4,151.4,23.000238933387006,23.000238933387006,11.236102527122116,11.236102527122116,0.4885211218746018,0,0,0,0,1,0,0.0,16.400000000000002,0.442302,0.600884466985889,0.1312728602034709,0.1518817648689497,1,1
rpp_maze_run_03_20260607_095241,maze,rpp,rpp,1,succeeded,none,147.2,147.2,23.03180102073653,23.03180102073653,11.236102527122116,11.236102527122116,0.4878516672233216,0,0,0,0,1,0,0.0,4.9,0.443393,0.588205324668953,0.1409534957530322,0.1547506314369751,1,1
